UniqKey	Family	0	1	2	3	4	5	6	7	8	9	10	11	12	13	14	15	16	17	18	19	20	21	22	23	24	25	26	27	28	29	30	31	32	33	34	35	36	37	38	39	40	41	42	43	44	45	46	47	48	49	50	51	52	53	54	55	56	57	58	59	60	61	62	63	64	65	66	67	68	69	70	71	72	73	74	75	76	77	78	79	80	81	82	83	84	85	86	87	88	89	90	91	92	93	94	95	96	97	98	99	100	101	102	103	104	105	106	107	108	109	110	111	112	113	114	115	116	117	118	119	120	121	122	123	124	125	126	127
freddie_mercury	Старки	-0.08262935280799866	0.04166698455810547	0.02293936349451542	-0.0971185564994812	-0.1299765706062317	-0.03610243275761604	-0.02489444799721241	-0.09848032891750336	0.16908076405525208	-0.17269638180732727	0.07508721947669983	-0.0052923522889614105	-0.16660544276237488	0.05675221234560013	-0.1192786917090416	0.11764739453792572	-0.14892823994159698	-0.25365567207336426	-0.07777045667171478	-0.053248804062604904	-0.0061516533605754375	0.021388079971075058	-0.05745543912053108	0.10789839923381805	-0.11746533215045929	-0.24472841620445251	-0.044453829526901245	-0.0626930296421051	-0.010101186111569405	-0.02115614153444767	-0.008651702664792538	0.13300290703773499	-0.20798364281654358	-0.01278846524655819	0.022246723994612694	0.06105796992778778	0.005329594016075134	-0.044609006494283676	0.25105082988739014	0.08258993178606033	-0.2562699615955353	-0.03660895302891731	0.05513937026262283	0.3519414961338043	0.22417907416820526	-0.030970463529229164	-0.04231729358434677	-0.0039454260841012	0.20079286396503448	-0.33508384227752686	-0.044003453105688095	0.22149993479251862	0.07737479358911514	0.06256356090307236	0.05190185457468033	-0.036381449550390244	0.10370173305273056	0.065165676176548	-0.16704913973808289	0.033928822726011276	0.0669308677315712	-0.18379729986190796	0.04455732926726341	-0.11325892060995102	0.22590118646621704	0.034535955637693405	-0.05447462201118469	-0.09841577708721161	0.1692388653755188	-0.22395706176757812	-0.10228730738162994	0.04565689340233803	-0.08120331913232803	-0.14776383340358734	-0.24622677266597748	-0.013961346819996834	0.3747062385082245	0.2733103632926941	-0.09726516902446747	0.17036135494709015	-0.06849351525306702	-0.03370536118745804	0.11232852935791016	0.08922675251960754	-0.020208969712257385	0.06240742653608322	-0.058258578181266785	0.00649658590555191	0.30925998091697693	-0.014758102595806122	-0.018000362440943718	0.19467146694660187	0.005801192484796047	-0.0365305095911026	0.07096319645643234	-0.008670183829963207	-0.07171212881803513	-0.028487280011177063	-0.17533986270427704	0.05424899607896805	-0.05769921466708183	-0.025763779878616333	0.03451782092452049	0.07419287413358688	-0.1648331582546234	0.09778065979480743	-0.06461413949728012	-0.03599434718489647	-0.07542908936738968	0.008473864756524563	-0.1033146008849144	-0.07437209784984589	0.10553227365016937	-0.19919925928115845	0.14998795092105865	0.1190817579627037	-0.006550425663590431	0.114251509308815	0.06510651111602783	0.025017019361257553	-0.03495209664106369	-0.029484251514077187	-0.06747905910015106	-0.15925346314907074	0.1188720241189003	-0.011737088672816753	0.10146757960319519	0.009367028251290321
freddie_mercury	Старки	-0.03631575405597687	0.02006816491484642	-0.06622795760631561	-0.05521524325013161	-0.07650735229253769	-0.07304303348064423	0.045566901564598083	-0.046378038823604584	0.16650442779064178	-0.07973814010620117	0.09470485895872116	-0.027649488300085068	-0.18194586038589478	0.06133027747273445	-0.09275002777576447	0.17117714881896973	-0.1560288369655609	-0.19635245203971863	-0.10602794587612152	-0.05475108325481415	0.07424762845039368	0.05217733234167099	-0.06867321580648422	0.20291568338871002	-0.13166052103042603	-0.2529696226119995	-0.013199437409639359	-0.050461545586586	-0.03976910188794136	-0.06516988575458527	0.05696745589375496	0.1644856035709381	-0.2226109653711319	0.014054409228265285	0.0686061680316925	0.06839200854301453	-0.03427042067050934	-0.068559430539608	0.26224640011787415	0.12080436199903488	-0.2540439963340759	-0.0032605319283902645	0.10052638500928879	0.3918629288673401	0.17334811389446259	-0.026995638385415077	-0.018872812390327454	0.015859797596931458	0.14027617871761322	-0.354409784078598	-0.027402104809880257	0.19884948432445526	0.05077657848596573	0.10434587299823761	0.012574301101267338	-0.07982578873634338	0.0759568065404892	0.08357594907283783	-0.23245549201965332	0.036707308143377304	0.021066520363092422	-0.1525689661502838	-0.010180654004216194	-0.08740942180156708	0.20531006157398224	0.06470517069101334	-0.10344281792640686	-0.08975881338119507	0.13316401839256287	-0.2760251760482788	-0.11344662308692932	0.04804906249046326	-0.07231616973876953	-0.19008396565914154	-0.2906140387058258	-0.01507585495710373	0.3345314860343933	0.21040338277816772	-0.1349237710237503	0.14212967455387115	-0.008232787251472473	-0.0003401827998459339	0.11380307376384735	0.1246626228094101	0.01266808807849884	0.07049011439085007	-0.06256861239671707	0.05740829557180405	0.27727895975112915	-0.004131851717829704	-0.03574146330356598	0.2535143494606018	0.03297387808561325	-0.09420197457075119	0.045708902180194855	0.0356515571475029	-0.040688786655664444	-0.05946386978030205	-0.16762688755989075	0.023792780935764313	-0.03350184112787247	0.01584506966173649	0.002609341638162732	0.0773170217871666	-0.2067042887210846	0.13793793320655823	-0.025509987026453018	-0.06467124074697495	-0.06398729979991913	0.03958325460553169	-0.1359647661447525	-0.07706934958696365	0.07475170493125916	-0.21962092816829681	0.1690216213464737	0.1442851573228836	0.002097255550324917	0.09598640352487564	-0.004897352308034897	0.01343994215130806	-0.01697220839560032	-0.06313429772853851	-0.10920335352420807	-0.12157856673002243	0.1168128177523613	0.017927968874573708	0.057259701192379	-0.02980341762304306
freddie_mercury	Старки	-0.056221913546323776	-0.018910765647888184	0.05686138570308685	-0.11082208901643753	-0.059382226318120956	-0.031481437385082245	-0.0008060485124588013	-0.06913844496011734	0.16387727856636047	-0.18181727826595306	0.1439811885356903	0.024528054520487785	-0.15470242500305176	0.002676056930795312	-0.03969774767756462	0.10759206116199493	-0.10886891186237335	-0.2224883884191513	-0.05170457065105438	-0.06420884281396866	0.005913739092648029	0.026378173381090164	-0.05775469169020653	0.10988759249448776	-0.14409145712852478	-0.2593720853328705	-0.04665346071124077	-0.007641488686203957	-0.042914241552352905	-0.03408166393637657	0.04604395106434822	0.19985374808311462	-0.22197400033473969	0.032467905431985855	-0.005816570948809385	0.13386787474155426	-0.05705364793539047	-0.05887942761182785	0.2436680644750595	0.11319443583488464	-0.23246116936206818	-0.021009471267461777	0.007347015663981438	0.36860111355781555	0.1964036524295807	-0.07452582567930222	-0.03083285130560398	0.008606000803411007	0.1964154839515686	-0.38135743141174316	-0.030154766514897346	0.21508580446243286	0.06740494072437286	0.08694667369127274	0.040679410099983215	-0.03701917827129364	0.11002187430858612	0.11233996599912643	-0.20503956079483032	0.02550572156906128	-0.023947861045598984	-0.2132803499698639	0.049657635390758514	-0.11795719712972641	0.2079007774591446	0.08125408738851547	-0.08216428011655807	-0.0997617095708847	0.14198920130729675	-0.18370819091796875	-0.1259308010339737	0.09212545305490494	-0.11241818219423294	-0.17321954667568207	-0.325979620218277	0.029438819736242294	0.3286724090576172	0.22432643175125122	-0.10334330797195435	0.15824435651302338	-0.06517782062292099	-0.01641281507909298	0.09967270493507385	0.12159951776266098	0.0045756008476018906	0.034915097057819366	-0.059447191655635834	0.031421784311532974	0.2728027105331421	-0.0035606976598501205	-0.06531189382076263	0.21526814997196198	0.009402230381965637	0.00890850368887186	0.033710479736328125	0.011697027832269669	-0.04102945327758789	-0.01922985538840294	-0.1805269867181778	0.03654862195253372	-0.06255121529102325	0.0011340780183672905	0.024578478187322617	0.11156290024518967	-0.2025671750307083	0.16829346120357513	-0.02868274413049221	-0.03311142325401306	-0.015074312686920166	0.00078313157428056	-0.0961996465921402	-0.06781162321567535	0.055021967738866806	-0.28301602602005005	0.13454663753509521	0.15153750777244568	0.02085905335843563	0.13524197041988373	0.056338272988796234	0.008915276266634464	-0.05514448136091232	-0.06324051320552826	-0.11101566255092621	-0.0853458046913147	0.10691935569047928	0.04866920784115791	0.03635941445827484	0.013962864875793457
freddie_mercury	Старки	-0.032136090099811554	0.039673447608947754	0.025663308799266815	-0.07114443928003311	-0.035581763833761215	-0.041541554033756256	0.004528587684035301	-0.1292269378900528	0.16633114218711853	-0.1299915462732315	0.08244242519140244	0.018223073333501816	-0.22874701023101807	0.048870593309402466	-0.03147156164050102	0.12931692600250244	-0.10047508776187897	-0.17695003747940063	-0.062078140676021576	-0.0642232596874237	0.12805944681167603	0.00550204049795866	-0.08631668239831924	0.14369939267635345	-0.08646009862422943	-0.18643556535243988	-0.06802625954151154	-0.009341644123196602	-0.001930760219693184	-0.003134565893560648	0.0041205259039998055	0.06734451651573181	-0.20331701636314392	0.019066518172621727	0.020877351984381676	0.10591099411249161	-0.015620557591319084	-0.07617678493261337	0.23510995507240295	0.13181327283382416	-0.19076430797576904	0.01244840957224369	0.040896013379096985	0.307349294424057	0.20595407485961914	0.013283533975481987	-0.010347776114940643	-0.03159796819090843	0.2400442510843277	-0.3526436984539032	-0.04908432811498642	0.20681330561637878	0.0782381147146225	0.09841122478246689	0.04767574369907379	-0.14958810806274414	0.1147351786494255	0.024890122935175896	-0.24447767436504364	0.10556373000144958	0.03324238210916519	-0.20028120279312134	-0.01949135586619377	-0.10611595958471298	0.21701885759830475	0.046572793275117874	-0.1244189590215683	-0.09093957394361496	0.14002886414527893	-0.23606804013252258	-0.09245076775550842	0.054295819252729416	-0.11175090819597244	-0.15291249752044678	-0.2682324945926666	-0.011201562359929085	0.3968561589717865	0.20641642808914185	-0.17846593260765076	0.15982234477996826	-0.06535281240940094	-0.010163778439164162	0.12093673646450043	0.12727677822113037	0.04905813932418823	0.07527923583984375	-0.0882025882601738	-0.010693036019802094	0.28020769357681274	-0.03712136298418045	0.016049496829509735	0.31906867027282715	0.0192209891974926	0.03863702714443207	0.027160976082086563	0.0385579951107502	-0.08609608560800552	-0.08304306864738464	-0.14412766695022583	-0.03395307436585426	-0.041855696588754654	-0.06887596100568771	0.0507998913526535	0.032509539276361465	-0.23747405409812927	0.18236537277698517	-0.031733110547065735	0.020118044689297676	-0.05563077703118324	-0.018679620698094368	-0.16712361574172974	-0.014696558006107807	0.1262754201889038	-0.24930861592292786	0.1670525223016739	0.15639133751392365	-0.010550913400948048	0.06887433677911758	0.03145687282085419	0.07407940924167633	-0.03165438026189804	-0.044073767960071564	-0.09790657460689545	-0.12508010864257812	0.04227472096681595	-0.010788865387439728	0.040037237107753754	0.011921650730073452
freddie_mercury	Старки	-0.01216108724474907	0.011926337145268917	0.04183772951364517	-0.06998925656080246	-0.06235084682703018	-0.004758623894304037	0.06585566699504852	-0.109495148062706	0.21253223717212677	-0.12669886648654938	0.14981354773044586	0.0046164775267243385	-0.17817024886608124	0.02136557549238205	-0.0007222015410661697	0.05665251240134239	-0.08553620427846909	-0.19412843883037567	-0.043665580451488495	-0.029576387256383896	0.01537371426820755	0.00465909019112587	-0.045698657631874084	0.0848466083407402	-0.17530371248722076	-0.24556273221969604	-0.06169978529214859	-0.03157826513051987	-0.04325978457927704	-0.02748672477900982	0.10765302181243896	0.2096121460199356	-0.1913122832775116	0.010146495886147022	0.03402700275182724	0.0856485664844513	-0.004646779969334602	-0.08604539930820465	0.2708228826522827	0.09243801981210709	-0.21990524232387543	-0.009511556476354599	0.003135375678539276	0.3495774269104004	0.19844351708889008	-0.09430588036775589	0.01615557074546814	-0.04183819144964218	0.22511819005012512	-0.3358692526817322	-0.058751191943883896	0.18249166011810303	0.09171925485134125	0.03508501872420311	0.05668177083134651	-0.0738234743475914	0.08983340114355087	0.052014172077178955	-0.1920277178287506	0.05576152727007866	0.019913047552108765	-0.16792726516723633	0.04744501784443855	-0.09779395908117294	0.19973763823509216	0.015958167612552643	-0.0883135125041008	-0.09995685517787933	0.13568115234375	-0.17114560306072235	-0.10073787719011307	0.11070525646209717	-0.15075384080410004	-0.19202739000320435	-0.289937287569046	0.028135979548096657	0.391864150762558	0.1598069816827774	-0.15891984105110168	0.1453086882829666	-0.09572448581457138	0.007535974960774183	0.08520305156707764	0.14586883783340454	0.044598303735256195	-0.00957360491156578	-0.05911809578537941	0.01415843702852726	0.3485652506351471	-0.04724118113517761	-0.07734062522649765	0.2313036024570465	-0.00831206701695919	-0.013670099899172783	0.00664471136406064	-0.02220241166651249	-0.029176918789744377	0.009344389662146568	-0.14308790862560272	0.05052310600876808	-0.04195937141776085	-0.014075695537030697	0.030686238780617714	0.11923351883888245	-0.27479538321495056	0.15788643062114716	-0.03134457394480705	-0.04262516647577286	0.00848389696329832	-0.04578370973467827	-0.11794932186603546	-0.015104669146239758	0.12283192574977875	-0.32797038555145264	0.14821594953536987	0.11962766945362091	0.0029494953341782093	0.11397403478622437	0.00971481017768383	0.02100300043821335	0.005015908740460873	0.005359497852623463	-0.08798065036535263	-0.09406568109989166	0.06843908876180649	0.022370710968971252	0.005330517888069153	-0.02436678856611252
freddie_mercury	Старки	-0.0901159718632698	0.06735683232545853	0.0527632012963295	-0.06945807486772537	-0.12601029872894287	-0.038145873695611954	0.0035525141283869743	-0.04705491662025452	0.15491607785224915	-0.1416100114583969	0.07513895630836487	0.003606522921472788	-0.18318873643875122	0.07052009552717209	-0.07006267458200455	0.11544890701770782	-0.09865903854370117	-0.21633876860141754	-0.11632903665304184	-0.03755012899637222	0.01921325922012329	0.043890781700611115	-0.09395001083612442	0.12218622118234634	-0.10711753368377686	-0.21028615534305573	-0.027495216578245163	-0.0069474270567297935	-0.019334755837917328	-0.04274449124932289	-0.027637338265776634	0.1422695517539978	-0.19097064435482025	0.0006510354578495026	0.0035492675378918648	0.07559171319007874	-0.018190758302807808	-0.04162163659930229	0.22699671983718872	0.07730373740196228	-0.23908479511737823	-0.0290924571454525	0.042029257863759995	0.34335988759994507	0.19864191114902496	-0.04699093848466873	-0.021576203405857086	-0.00711965374648571	0.17685472965240479	-0.3867053985595703	-0.015556242316961288	0.2077583521604538	0.05849156156182289	0.10875298827886581	0.07386906445026398	-0.054266512393951416	0.09635418653488159	0.08164877444505692	-0.17815367877483368	0.040638916194438934	0.039788730442523956	-0.1603194773197174	0.021187350153923035	-0.1186433658003807	0.21733976900577545	0.059769731014966965	-0.05585606396198273	-0.11407272517681122	0.13370561599731445	-0.2272682934999466	-0.11669646948575974	0.10998611152172089	-0.042501118034124374	-0.14272478222846985	-0.26696115732192993	0.020672684535384178	0.36198368668556213	0.2776487171649933	-0.11469684541225433	0.15075595676898956	-0.08066069334745407	-0.06678889691829681	0.10238773375749588	0.048880789428949356	-0.039712388068437576	0.08060210198163986	-0.0788445994257927	0.06158081442117691	0.3147739768028259	0.0086657190695405	0.0021143616177141666	0.25082409381866455	0.08236686885356903	-0.041708655655384064	0.044953908771276474	0.015546286478638649	-0.016375413164496422	-0.05821702629327774	-0.16401804983615875	0.03874807059764862	-0.000337379053235054	-0.026104412972927094	0.017619425430893898	0.07408013194799423	-0.204164519906044	0.14117908477783203	-0.0473000667989254	-0.019041255116462708	-0.07184647768735886	-0.021161455661058426	-0.12009701132774353	-0.022956430912017822	0.10583064705133438	-0.23793041706085205	0.10919506102800369	0.09498509019613266	0.0018857137765735388	0.0723474770784378	0.02850058488547802	0.0012399740517139435	-0.02991088107228279	-0.09566467255353928	-0.06465023756027222	-0.12327428162097931	0.1534051150083542	-0.012101510539650917	0.06665900349617004	0.041579458862543106
gagarin	Старки	-0.15222111344337463	0.06429729610681534	0.05619730055332184	-0.06274263560771942	-0.15814515948295593	0.025062397122383118	0.0051989685744047165	-0.11474740505218506	0.18191921710968018	-0.05719078704714775	0.190527081489563	-0.10059135407209396	-0.30377212166786194	-0.00337737868539989	0.07098447531461716	0.19495047628879547	-0.0828792080283165	-0.1999131143093109	-0.14312981069087982	-0.08998046070337296	-0.08188076317310333	0.025220392271876335	0.025797152891755104	0.07352381944656372	-0.17134328186511993	-0.1855686753988266	-0.04956337809562683	-0.09950972348451614	0.03933762013912201	-0.0646711215376854	-0.039557114243507385	0.10471194237470627	-0.14730291068553925	-0.009340314194560051	0.09917297959327698	0.1903553009033203	-0.053202442824840546	-0.13630354404449463	0.20823770761489868	-0.07546061277389526	-0.22528362274169922	-0.05781485512852669	0.04468884319067001	0.17831023037433624	0.24526333808898926	0.0006891995435580611	-0.020176686346530914	-0.04252806678414345	0.14709003269672394	-0.2778657376766205	0.07311439514160156	0.15587849915027618	0.08420360833406448	0.08406990766525269	0.05738138034939766	-0.17792777717113495	0.016309829428792	0.23203951120376587	-0.20249605178833008	-0.058247193694114685	0.03992573916912079	-0.11994760483503342	0.019562479108572006	-0.09263090789318085	0.23082296550273895	0.1660287231206894	-0.12938641011714935	-0.16435372829437256	0.18086625635623932	-0.14677099883556366	-0.09171513468027115	0.11642894893884659	-0.16128453612327576	-0.1022462323307991	-0.3057250380516052	-0.022579705342650414	0.3809126913547516	0.058160386979579926	-0.14785602688789368	0.026998400688171387	-0.05899915099143982	-0.020890921354293823	-0.051652632653713226	0.05477333068847656	-0.011158326640725136	-0.15220750868320465	-0.110829658806324	-0.09061037003993988	0.2846410572528839	-0.0883115753531456	0.02182498574256897	0.16119350492954254	0.00629714410752058	-0.062472909688949585	-0.03032568469643593	0.06814829260110855	-0.053292423486709595	-0.05676930770277977	-0.03168090060353279	-0.04405327886343002	-0.06805212050676346	-0.046438731253147125	-0.01559486985206604	0.11165204644203186	-0.2395026832818985	0.1522350162267685	0.00590281467884779	0.017868902534246445	-0.051517389714717865	-0.051033005118370056	-0.001711633987724781	-0.0017753938445821404	0.1687220185995102	-0.3393137753009796	0.18623583018779755	0.13915202021598816	-0.03675862029194832	0.11944592744112015	-0.014999649487435818	0.10694582015275955	0.007833919487893581	0.017670679837465286	-0.1315048485994339	-0.1445622742176056	0.05811972916126251	0.00017151469364762306	0.0011617233976721764	0.13967856764793396
gagarin	Старки	-0.09826821088790894	0.018904373049736023	0.06699923425912857	-0.09551216661930084	-0.17473463714122772	0.013528987765312195	-0.016193699091672897	-0.08125011622905731	0.1523459553718567	-0.021250609308481216	0.15972235798835754	-0.08933605253696442	-0.25184690952301025	0.009030554443597794	0.08527543395757675	0.15807770192623138	-0.07615926861763	-0.1626015454530716	-0.1584276705980301	-0.08554162085056305	-0.11427696794271469	0.058408334851264954	0.06103035435080528	0.08549100905656815	-0.16203464567661285	-0.18641628324985504	-0.03870305418968201	-0.1019480973482132	0.04497673362493515	-0.04555078595876694	-0.038553591817617416	0.08267340809106827	-0.15473142266273499	-0.01678425632417202	0.10966417193412781	0.18484827876091003	-0.09354354441165924	-0.14899122714996338	0.2185375690460205	-0.05182773247361183	-0.2170615792274475	-0.04237882420420647	-0.00745765957981348	0.16205516457557678	0.25164565443992615	0.004681956954300404	0.017175735905766487	-0.02746335044503212	0.14620816707611084	-0.2879619300365448	0.11748841404914856	0.15314632654190063	0.028614338487386703	0.054076746106147766	0.03743694722652435	-0.1488039642572403	-0.0004677744582295418	0.2610129117965698	-0.19779132306575775	-0.03386140242218971	0.040983058512210846	-0.08387385308742523	0.010719344951212406	-0.09244885295629501	0.21923108398914337	0.1764332503080368	-0.13729935884475708	-0.19029922783374786	0.17370542883872986	-0.1572563499212265	-0.11343968659639359	0.11825171858072281	-0.1602254956960678	-0.08845167607069016	-0.31765127182006836	-0.0016666334122419357	0.4218046963214874	0.034963421523571014	-0.17117716372013092	-0.023324189707636833	-0.07505762577056885	-0.014230516739189625	-0.03218895569443703	0.04715342819690704	-0.009012189693748951	-0.14833952486515045	-0.10681550949811935	-0.10006120055913925	0.29144003987312317	-0.0817624032497406	-0.03317439183592796	0.14458738267421722	0.03747982531785965	-0.05268483608961105	-0.005019329022616148	0.08231166750192642	-0.03195081651210785	-0.05658911168575287	-0.06023247539997101	-0.017664428800344467	-0.05357322469353676	-0.03332533687353134	-0.03828328475356102	0.14050771296024323	-0.21310000121593475	0.20174434781074524	0.0042398301884531975	-0.02331019565463066	-0.04664575308561325	-0.03681623190641403	-0.04447181150317192	-0.037518542259931564	0.18994812667369843	-0.3186887502670288	0.16249337792396545	0.14908337593078613	0.02333703450858593	0.1229114979505539	-0.014118950814008713	0.09977342188358307	0.015770789235830307	0.049117639660835266	-0.13554587960243225	-0.15235064923763275	0.043237023055553436	0.03587111830711365	0.00386675912886858	0.1528947800397873
gagarin	Старки	-0.1049848347902298	0.03003067523241043	0.07230650633573532	-0.06800277531147003	-0.12430135160684586	-0.0015520132146775723	-0.07498158514499664	-0.05117037892341614	0.12280181795358658	-0.08323416113853455	0.15541498363018036	-0.08925273269414902	-0.33818838000297546	0.019030362367630005	0.030410461127758026	0.17569707334041595	-0.09703075140714645	-0.13782227039337158	-0.12966766953468323	-0.07705525308847427	-0.06506331264972687	0.07923781871795654	0.08065563440322876	0.07630249112844467	-0.08107532560825348	-0.24900628626346588	-0.08596676588058472	-0.06200043112039566	-0.011491780169308186	-0.10979314148426056	-0.05664411932229996	0.031843747943639755	-0.1335267275571823	-0.05859852954745293	0.09667428582906723	0.1694093644618988	-0.06419040262699127	-0.13713644444942474	0.24895666539669037	-0.0033386186696588993	-0.17285007238388062	-0.0645236223936081	0.04664759710431099	0.21038596332073212	0.17226353287696838	0.07109232991933823	0.00029048509895801544	-0.02849687822163105	0.14952167868614197	-0.27593478560447693	0.07508833706378937	0.14575089514255524	0.07431580871343613	0.10153304785490036	0.03316463530063629	-0.1645137071609497	0.006161564029753208	0.2906173765659332	-0.16428978741168976	0.0026345637161284685	0.004534292034804821	-0.1201852411031723	-0.012244941666722298	-0.07053156197071075	0.26223689317703247	0.16796749830245972	-0.13366283476352692	-0.19555805623531342	0.20823204517364502	-0.1364775002002716	-0.1495462954044342	0.0985507071018219	-0.14494894444942474	-0.07232176512479782	-0.29865893721580505	-0.017680857330560684	0.3187166750431061	0.025102291256189346	-0.15162110328674316	-0.02427288517355919	-0.039549700915813446	-0.00083134975284338	-0.06550974398851395	0.09026815742254257	-0.047853440046310425	-0.05367060378193855	-0.07148769497871399	-0.09246908128261566	0.24588586390018463	-0.0458531491458416	-0.0437818244099617	0.14029696583747864	0.04575233906507492	0.02941698208451271	0.06758584827184677	0.076099693775177	-0.04468801990151405	-0.09544608741998672	-0.13715296983718872	-0.02451816387474537	-0.00645845104008913	-0.07388486713171005	-0.034568168222904205	0.12275557219982147	-0.19745361804962158	0.14863644540309906	-0.025392761453986168	-0.05579699948430061	-0.037472888827323914	0.01984480768442154	-0.05637351796030998	-0.03698445111513138	0.18083059787750244	-0.33119943737983704	0.17732520401477814	0.20940567553043365	0.010712264105677605	0.12208457291126251	0.005820146296173334	0.12510932981967926	0.003993897698819637	0.030328229069709778	-0.14837515354156494	-0.19359417259693146	0.06489671766757965	0.06978259235620499	0.009178324602544308	0.10223693400621414
gagarin	Старки	-0.07673109322786331	0.021418534219264984	0.11029055714607239	-0.0919310450553894	-0.10349218547344208	0.009961754083633423	-0.03328729420900345	-0.1203957349061966	0.08614686131477356	-0.06432748585939407	0.231100395321846	-0.12900410592556	-0.3240046203136444	0.027639908716082573	0.047805264592170715	0.1564226746559143	-0.041026849299669266	-0.1721266359090805	-0.17245477437973022	-0.018101394176483154	-0.07893349230289459	0.08514272421598434	0.045185741037130356	0.09749811887741089	-0.12862035632133484	-0.22316980361938477	-0.10184410959482193	-0.1113734096288681	0.0010323505848646164	-0.10263435542583466	-0.06163898482918739	0.038771942257881165	-0.13146038353443146	-0.024125458672642708	0.08788294345140457	0.11824159324169159	-0.09736085683107376	-0.18679384887218475	0.2395995855331421	-0.00859033688902855	-0.20077885687351227	-0.09448900818824768	0.026814792305231094	0.19819727540016174	0.18005238473415375	0.016606708988547325	0.073002889752388	-0.10136347264051437	0.10033249109983444	-0.23602785170078278	0.12578526139259338	0.13593144714832306	0.07869458198547363	0.13226452469825745	0.03096003271639347	-0.16543914377689362	0.040094342082738876	0.26243460178375244	-0.21103662252426147	0.05284561961889267	0.04885826259851456	-0.0967758297920227	0.007236042059957981	-0.07158557325601578	0.21507316827774048	0.12412970513105392	-0.12433425337076187	-0.1969824880361557	0.20301416516304016	-0.15208768844604492	-0.15884269773960114	0.12124549597501755	-0.17769880592823029	-0.13269934058189392	-0.31485429406166077	-0.030568910762667656	0.3308838903903961	0.047239191830158234	-0.20780494809150696	-0.012651365250349045	-0.04272085055708885	-0.05400294065475464	-0.02368999645113945	0.10236884653568268	0.015265770256519318	-0.08405975997447968	-0.09452024847269058	-0.0660010352730751	0.29879170656204224	-0.08567331731319427	-0.0032514003105461597	0.17030151188373566	0.016604909673333168	-0.09054914116859436	0.05801147222518921	0.12225856631994247	-0.05063382536172867	-0.04560180380940437	-0.06956378370523453	-0.011936846189200878	-0.03309883549809456	-0.027052834630012512	-0.056500423699617386	0.11520615220069885	-0.2040795087814331	0.21667443215847015	-0.006946022156625986	-0.06694413721561432	-0.048075657337903976	-0.09940812736749649	-0.04108395799994469	-0.046869002282619476	0.21323813498020172	-0.3032054901123047	0.1248219758272171	0.16713953018188477	0.05744257941842079	0.1027255728840828	-0.02564488910138607	0.12428306043148041	0.009664857760071754	0.00806738343089819	-0.20908863842487335	-0.14540345966815948	0.08619556576013565	0.057328805327415466	-0.0014888942241668701	0.10939987748861313
gagarin	Старки	-0.13168320059776306	0.027439791709184647	0.08398312330245972	-0.061554182320833206	-0.08957725763320923	0.016634231433272362	-0.04114203155040741	-0.10658235847949982	0.14559563994407654	-0.06322147697210312	0.1216001808643341	-0.10961652547121048	-0.33891957998275757	0.014704850502312183	0.040861375629901886	0.13418908417224884	-0.12105309963226318	-0.1579921841621399	-0.13759183883666992	-0.01604336127638817	-0.04696343466639519	0.09373532980680466	0.10630085319280624	0.0736168697476387	-0.1905663162469864	-0.28155770897865295	-0.08427552133798599	-0.12273401021957397	-0.03952398896217346	-0.034053735435009	-0.03140907362103462	0.0934249758720398	-0.11719009280204773	-0.04768664017319679	0.07822349667549133	0.15996874868869781	-0.05087190866470337	-0.13116957247257233	0.2879650592803955	0.0012183478102087975	-0.20964013040065765	-0.08785422146320343	0.053501714020967484	0.24245703220367432	0.20006714761257172	0.002904364373534918	0.038685984909534454	-0.020344151183962822	0.1332036256790161	-0.34993860125541687	0.06774579733610153	0.17018386721611023	0.08380921930074692	0.09854167699813843	0.06407073885202408	-0.1656055897474289	0.0460592545568943	0.23919065296649933	-0.18602903187274933	0.05391821637749672	0.03578825667500496	-0.1484776735305786	0.029258444905281067	-0.010077455081045628	0.24339884519577026	0.11976706236600876	-0.13476864993572235	-0.16422902047634125	0.17266640067100525	-0.12094510346651077	-0.12159117311239243	0.10939362645149231	-0.18091967701911926	-0.1285271793603897	-0.34661930799484253	-0.03488077223300934	0.33078256249427795	0.028708593919873238	-0.1938871145248413	-0.0011098627001047134	-0.10916028171777725	-0.024553483352065086	-0.04715006798505783	0.10732962191104889	0.010218501091003418	-0.10972385853528976	-0.1285868138074875	-0.07291241735219955	0.27819809317588806	-0.093189537525177	-0.019988613203167915	0.18499650061130524	0.0730891227722168	-0.04789596050977707	0.03988351300358772	0.10678833723068237	-0.10042504966259003	-0.07641206681728363	-0.12119581550359726	0.011625848710536957	0.016216665506362915	-0.015508610755205154	-0.036529697477817535	0.14296267926692963	-0.2336345762014389	0.18646535277366638	-0.019765105098485947	-0.10858167707920074	-0.017593087628483772	-0.10387367755174637	-0.06410149484872818	-0.03450657054781914	0.20793336629867554	-0.30397161841392517	0.11338459700345993	0.1895192265510559	0.007424395531415939	0.14864543080329895	-0.01262683141976595	0.08407848328351974	0.0002209991216659546	0.08931833505630493	-0.16611745953559875	-0.17071190476417542	0.07284768670797348	0.06127727031707764	-0.0462595596909523	0.10057587176561356
john_lennon	Таргариены	-0.044329456984996796	0.04326603561639786	0.08616797626018524	-0.07493406534194946	-0.08454138040542603	0.10326233506202698	-0.009773846715688705	-0.04714866727590561	0.22515180706977844	-0.0856199637055397	0.11610890924930573	-0.033076778054237366	-0.2273072749376297	-0.014994262717664242	-0.04627470299601555	0.14554424583911896	-0.10846314579248428	-0.27048009634017944	-0.018527885898947716	-0.005180595442652702	-0.019287262111902237	-0.011932386085391045	-0.00953122228384018	0.048055313527584076	-0.1327953040599823	-0.310973197221756	-0.0473988875746727	-0.09516230970621109	0.00850161537528038	-0.0715193897485733	-0.060566358268260956	0.14643245935440063	-0.1228814646601677	0.011570094153285027	0.024624750018119812	0.1426277458667755	-0.01625213772058487	-0.1321335881948471	0.22554755210876465	0.016136277467012405	-0.221446231007576	-0.00290808267891407	0.07044300436973572	0.2632873058319092	0.2272988110780716	0.05252261832356453	0.019406408071517944	-0.05568013712763786	0.1290070116519928	-0.33009815216064453	0.08344585448503494	0.20709946751594543	0.10167241096496582	0.13887792825698853	0.06675387918949127	-0.218369722366333	0.03964395076036453	0.04113420844078064	-0.19247287511825562	0.0453205481171608	-0.06963375955820084	-0.02005714923143387	0.11515089869499207	-0.07583333551883698	0.2811335027217865	0.1218392550945282	-0.08187773078680038	-0.1369476020336151	0.22181114554405212	-0.15882089734077454	-0.11637164652347565	0.05135263875126839	-0.157514289021492	-0.16383737325668335	-0.22694818675518036	0.026125958189368248	0.32601502537727356	0.1849580705165863	-0.15223486721515656	0.1349179744720459	-0.09986431151628494	-0.08490320295095444	-0.06847549229860306	0.11538229137659073	-0.03765815496444702	-0.0020887237042188644	-0.07171660661697388	-0.08256356418132782	0.30640238523483276	-0.043293386697769165	-0.03641638532280922	0.20387737452983856	0.010560430586338043	-0.03626025468111038	0.028511932119727135	0.0635322630405426	-0.049074724316596985	0.06496014446020126	-0.17720982432365417	-0.07334032654762268	-0.010238396935164928	-0.0522308424115181	0.013176733627915382	0.13538360595703125	-0.29529625177383423	0.14644023776054382	-0.03472096100449562	-0.043652307242155075	-0.027177471667528152	0.01358402706682682	-0.07176139950752258	-0.0038430532440543175	0.19820371270179749	-0.32001444697380066	0.20764385163784027	0.17932574450969696	0.09456788003444672	0.1668294221162796	0.07237763702869415	0.0954388827085495	0.07575005292892456	-0.051425911486148834	-0.09947395324707031	-0.11075270920991898	0.04968984052538872	0.026318363845348358	-0.015068886801600456	0.19029541313648224
john_lennon	Таргариены	-0.04654485359787941	0.07645236700773239	0.07448463141918182	-0.09565861523151398	-0.10210277140140533	0.04241322726011276	-0.03667330741882324	-0.04702340066432953	0.23900723457336426	-0.133169025182724	0.1574811488389969	0.030746476724743843	-0.19523237645626068	0.03196471184492111	-0.04264063015580177	0.12041226774454117	-0.13650432229042053	-0.2721330225467682	-0.03639049455523491	0.021824270486831665	0.061280135065317154	0.020164815708994865	-0.056222714483737946	0.06589823216199875	-0.08645524084568024	-0.3652999997138977	-0.08362526446580887	-0.05983647331595421	-0.03293541818857193	-0.07525312155485153	-0.020583970472216606	0.1530991643667221	-0.14840003848075867	0.00433851033449173	0.02697615697979927	0.14924417436122894	0.004153986927121878	-0.16338667273521423	0.18660886585712433	0.05885453522205353	-0.238193541765213	-0.01860690489411354	0.08947628736495972	0.2755509316921234	0.21767321228981018	-0.049503762274980545	0.04094959422945976	-0.05939195305109024	0.12245325744152069	-0.3658400774002075	0.021026339381933212	0.23414377868175507	0.11216439306735992	0.13235124945640564	0.12751206755638123	-0.1779453307390213	0.07769092172384262	-0.025393538177013397	-0.1716063767671585	0.012820755131542683	-0.009135670028626919	-0.021624943241477013	0.05307669937610626	-0.10851847380399704	0.2675609588623047	0.16398115456104279	-0.09055310487747192	-0.1561202108860016	0.21882124245166779	-0.14379270374774933	-0.1642421931028366	0.05086270347237587	-0.18354974687099457	-0.15709900856018066	-0.21667589247226715	-0.024974074214696884	0.41621133685112	0.16436274349689484	-0.15772928297519684	0.17192183434963226	-0.16550365090370178	-0.08078745752573013	-0.06591440737247467	0.0955272763967514	-0.010295029729604721	0.048433639109134674	-0.09264327585697174	0.040907733142375946	0.32328349351882935	-0.002163057215511799	-0.03844573721289635	0.20302537083625793	0.0003961138427257538	0.0022330554202198982	0.07682058215141296	0.0862807184457779	-0.013441686518490314	0.02309967204928398	-0.21001778542995453	-0.020025141537189484	-0.02865201234817505	-0.07289663702249527	-0.05479268357157707	0.13726985454559326	-0.27102646231651306	0.12391331791877747	-0.00813949853181839	-0.03149224817752838	-0.025241050869226456	0.009679649025201797	-0.1160024106502533	0.030796369537711143	0.16330936551094055	-0.30326226353645325	0.2080070972442627	0.13137242197990417	0.0485774464905262	0.12998810410499573	0.040766991674900055	0.07309518754482269	0.029342861846089363	-0.13571114838123322	-0.14938361942768097	-0.12430593371391296	-0.014645843766629696	0.040164120495319366	-0.07357034087181091	0.12210611999034882
john_lennon	Таргариены	-0.0354711152613163	0.10457786172628403	0.09948708117008209	-0.09003173559904099	-0.11746130883693695	0.07672782242298126	-0.010317638516426086	-0.07360239326953888	0.22900255024433136	-0.09775379300117493	0.13938593864440918	-0.0004882635548710823	-0.24578440189361572	0.06000973656773567	-0.07196062058210373	0.16164392232894897	-0.12119590491056442	-0.235027477145195	0.0037120170891284943	-0.026114387437701225	-0.04256068915128708	0.013271976262331009	0.03205201029777527	0.07119785994291306	-0.09812189638614655	-0.3103405237197876	-0.0906083807349205	0.02807207591831684	-0.029584690928459167	-0.0647185891866684	-0.02161482349038124	0.1934940367937088	-0.1332308053970337	0.033040277659893036	0.01720232143998146	0.1075398325920105	-0.017874913290143013	-0.12386097759008408	0.2233802229166031	0.08723387122154236	-0.181235209107399	-0.007004512473940849	0.09822271019220352	0.31020012497901917	0.2572277784347534	0.024701658636331558	0.05350393056869507	-0.11791864782571793	0.11519959568977356	-0.35023096203804016	0.05169612914323807	0.2150275856256485	0.07065039128065109	0.081400066614151	0.05925608053803444	-0.1947202980518341	0.014126235619187355	0.05835896357893944	-0.1502748429775238	0.06729969382286072	-0.02920013666152954	-0.00469871424138546	0.0810471922159195	-0.12282946705818176	0.2792156934738159	0.15011970698833466	-0.09303267300128937	-0.1615535169839859	0.23175567388534546	-0.15388724207878113	-0.17256496846675873	0.05613051354885101	-0.15037114918231964	-0.1836528778076172	-0.25947728753089905	0.00023786351084709167	0.33651188015937805	0.1732778549194336	-0.13193123042583466	0.14431831240653992	-0.08819419890642166	-0.08505302667617798	-0.07207683473825455	0.13905411958694458	-0.08393962681293488	-0.023502960801124573	-0.09117673337459564	-0.031985219568014145	0.3495297133922577	-0.0139231625944376	-0.08084595948457718	0.2268752008676529	0.02324739284813404	-0.004469683393836021	0.03593045845627785	0.10816226154565811	-0.06123170629143715	0.06781920790672302	-0.2591186761856079	-0.06862109899520874	-0.05039195343852043	-0.06364313513040543	-0.023706767708063126	0.15109571814537048	-0.30475613474845886	0.18596214056015015	-0.04171232134103775	-0.06314034759998322	-0.058623481541872025	-0.017135288566350937	-0.10567881166934967	0.05764377862215042	0.20469476282596588	-0.3206397593021393	0.1870163083076477	0.16454926133155823	0.08013428747653961	0.15567052364349365	0.08965064585208893	0.10651984810829163	0.07098302990198135	-0.06991244852542877	-0.06617751717567444	-0.10803279280662537	0.03287524729967117	-0.03340527415275574	0.006175996735692024	0.1753757745027542
john_lennon	Таргариены	-0.10271859169006348	0.10301290452480316	0.018037617206573486	-0.1016576737165451	-0.12224244326353073	0.03603127598762512	0.023912278935313225	-0.048497337847948074	0.16286882758140564	-0.04838645085692406	0.11545667052268982	-0.02207096293568611	-0.21772849559783936	0.029113318771123886	0.014881178736686707	0.1126110702753067	-0.15331055223941803	-0.17548967897891998	-0.0719933956861496	-0.04561714455485344	0.0460919551551342	0.012648861855268478	-0.03154151141643524	0.08017104119062424	-0.12220866978168488	-0.3093636929988861	-0.036412835121154785	-0.061335399746894836	-0.008243976160883904	-0.08617879450321198	-0.044492412358522415	0.062283169478178024	-0.14939352869987488	0.027300981804728508	0.010762646794319153	0.06141138821840286	-0.07598856091499329	-0.11058895289897919	0.2403327226638794	0.08904439955949783	-0.16581253707408905	-0.035260193049907684	0.048784516751766205	0.2616955637931824	0.18192525207996368	0.03357749432325363	0.04477978125214577	-0.08154445886611938	0.16075566411018372	-0.26233866810798645	0.0974612832069397	0.16108542680740356	0.10100545734167099	0.10731396824121475	0.07685606181621552	-0.1915249228477478	0.02169937454164028	0.08064901828765869	-0.17041482031345367	0.0777813047170639	-0.03057868778705597	-0.08803477883338928	0.013571950607001781	-0.10430055856704712	0.2928240895271301	0.14408235251903534	-0.044703491032123566	-0.1406063735485077	0.234721839427948	-0.10410481691360474	-0.18334436416625977	0.022145552560687065	-0.1158125251531601	-0.15091535449028015	-0.26614028215408325	0.022820554673671722	0.3066280782222748	0.1673373579978943	-0.20240314304828644	0.024316489696502686	-0.1051693931221962	-0.06625120341777802	0.05826961249113083	0.10677599161863327	-0.10109253972768784	-0.011413326486945152	-0.08530278503894806	-0.006636565551161766	0.31411540508270264	-0.030213981866836548	-0.08240412175655365	0.21432027220726013	0.07116661965847015	0.017588641494512558	0.026796190068125725	-0.015588470734655857	-0.06457816809415817	0.015424210578203201	-0.16405466198921204	-0.07630128413438797	0.03578416258096695	-0.0669211745262146	-0.017731310799717903	0.18360039591789246	-0.282846599817276	0.1273123025894165	0.012550768442451954	-0.06174618750810623	-0.07131044566631317	-0.007852507755160332	-0.12155469506978989	-0.012313892133533955	0.12672904133796692	-0.276852011680603	0.20203638076782227	0.1802196055650711	0.0994071438908577	0.13575825095176697	0.032065995037555695	0.017760131508111954	0.05494944006204605	-0.052575115114450455	-0.15479271113872528	-0.04083989933133125	0.1293209344148636	0.06915735453367233	-0.0035548368468880653	0.14258374273777008
john_lennon	Таргариены	-0.08299186080694199	0.052563682198524475	0.06850036978721619	-0.11165887117385864	-0.08412589132785797	0.05461617559194565	-0.029038922861218452	-0.08304905146360397	0.22295542061328888	-0.11175195127725601	0.11567294597625732	0.03570897877216339	-0.232563778758049	-0.0022806741762906313	-0.03087679296731949	0.1074073538184166	-0.17443779110908508	-0.27259722352027893	-0.04000317305326462	-0.024470839649438858	-0.030958566814661026	0.039369165897369385	-0.027761805802583694	0.04092572629451752	-0.09301102161407471	-0.3371908962726593	-0.05986183136701584	-0.08626870810985565	-0.013320356607437134	-0.007810226175934076	-0.011896687559783459	0.15077321231365204	-0.14969812333583832	0.0022920891642570496	0.060124799609184265	0.17151495814323425	0.02898445539176464	-0.1042775958776474	0.22800682485103607	0.031241334974765778	-0.180585578083992	-0.02168068289756775	0.08365931361913681	0.26659801602363586	0.2661276161670685	0.003954082727432251	0.01959707960486412	-0.07552086561918259	0.1452779620885849	-0.3270367383956909	0.09338785707950592	0.23273035883903503	0.11852358281612396	0.12771333754062653	0.08437942713499069	-0.18596559762954712	0.04302825406193733	0.033685870468616486	-0.20223556458950043	0.03710553050041199	-0.002396286465227604	-0.06815673410892487	0.07547031342983246	-0.07428079098463058	0.29919159412384033	0.1295594573020935	-0.1003427505493164	-0.15601889789104462	0.24884290993213654	-0.17186081409454346	-0.1585368663072586	0.007352209649980068	-0.16510502994060516	-0.12902000546455383	-0.22477570176124573	0.020626584067940712	0.3577381670475006	0.19171904027462006	-0.16034521162509918	0.16734236478805542	-0.15570957958698273	-0.1132073700428009	-0.05282559245824814	0.11797385662794113	-0.015843549743294716	-0.009819556027650833	-0.054714448750019073	-0.023389287292957306	0.3197667598724365	0.018614185974001884	-0.04981580376625061	0.22303028404712677	0.0007058959454298019	-0.01989414542913437	0.07669756561517715	0.04558933898806572	-0.029670361429452896	0.017410416156053543	-0.205224871635437	-0.05291257053613663	-0.042909521609544754	-0.054435402154922485	0.014139024540781975	0.13871638476848602	-0.25304463505744934	0.13975363969802856	-0.04355142265558243	-0.027879685163497925	-0.01759810745716095	-0.026840372011065483	-0.06925235688686371	-0.012995646335184574	0.20155484974384308	-0.3013361692428589	0.24042077362537384	0.11976581066846848	0.07049243152141571	0.18636514246463776	0.04417935758829117	0.10683521628379822	0.06489334255456924	-0.07659411430358887	-0.12314075976610184	-0.12159518897533417	0.02081264555454254	0.04256899654865265	0.020659198984503746	0.18181464076042175
kurt_cobain	Ланнистеры	-0.11419396102428436	0.1849057972431183	0.06517540663480759	-0.054285433143377304	-0.17645955085754395	-0.03567205369472504	0.000537993386387825	-0.07195505499839783	0.13844144344329834	0.035225193947553635	0.2897490859031677	0.046983443200588226	-0.24055196344852448	-0.057692673057317734	-0.005524594336748123	0.13896384835243225	-0.0529131181538105	-0.13912437856197357	-0.18517522513866425	-0.056698646396398544	0.03496570512652397	0.05304913595318794	0.04142455384135246	0.069097138941288	-0.19409474730491638	-0.295686274766922	-0.10970254987478256	-0.02826687879860401	0.10882391780614853	-0.14215101301670074	-0.042397305369377136	4.237699613440782e-05	-0.21836450695991516	-0.17852431535720825	0.04034337028861046	0.03065122663974762	-0.034646689891815186	-0.15455932915210724	0.21472878754138947	0.05668991804122925	-0.17501142621040344	0.025503410026431084	0.06475807726383209	0.29075977206230164	0.18041910231113434	-0.022601008415222168	0.1136440560221672	-0.07794780284166336	0.09044338017702103	-0.20286686718463898	0.15217633545398712	0.05250605195760727	0.17998643219470978	0.06953877210617065	0.07500084489583969	-0.1952095329761505	0.0038932636380195618	0.2594967782497406	-0.26560041308403015	0.12363429367542267	0.08930763602256775	-0.0932411402463913	-0.04561450332403183	-0.15335890650749207	0.17330490052700043	0.1909889429807663	-0.07299163937568665	-0.20266515016555786	0.12060138583183289	-0.12588050961494446	-0.01283883024007082	0.12086860090494156	-0.09397652000188828	-0.11452469229698181	-0.3417949080467224	0.0612756609916687	0.36631903052330017	0.18543390929698944	-0.25201353430747986	-0.09882571548223495	-0.0450553335249424	0.017637651413679123	0.039664674550294876	-0.009132787585258484	-0.11146531999111176	-0.04047789424657822	-0.1533910036087036	0.02118198573589325	0.22888228297233582	0.061018235981464386	-0.06704755872488022	0.25268787145614624	0.041473448276519775	0.0004711765795946121	0.07234752178192139	0.08145364373922348	-0.18884049355983734	-0.031944215297698975	-0.03168269246816635	0.04423403739929199	-0.026852507144212723	-0.11893784254789352	0.02406100556254387	0.10249213874340057	-0.08825477957725525	0.12336601316928864	-0.04221000149846077	0.04950235038995743	-0.07465717941522598	-0.025521060451865196	-0.10261943191289902	-0.060659926384687424	0.15893502533435822	-0.22188326716423035	0.20223292708396912	0.12245354056358337	-0.0476987361907959	0.09893295913934708	0.08584268391132355	0.09460848569869995	-0.047619275748729706	0.003697538748383522	-0.10071060806512833	-0.030141673982143402	0.08154891431331635	-0.15642830729484558	0.17180317640304565	0.061206262558698654
kurt_cobain	Ланнистеры	-0.13699567317962646	0.08172985911369324	0.10532920807600021	-0.09063664823770523	-0.13146714866161346	-0.0676206424832344	0.06297962367534637	-0.04751846194267273	0.12483234703540802	0.04903780668973923	0.1904296725988388	0.032987166196107864	-0.22294074296951294	-0.050915855914354324	0.009094886481761932	0.10832446068525314	-0.03778841346502304	-0.17143306136131287	-0.16074249148368835	-0.04594843462109566	-0.03484022617340088	0.05387745052576065	-0.0172691959887743	0.023637913167476654	-0.07735568284988403	-0.25537168979644775	-0.07771539688110352	-0.08807004988193512	0.05378298461437225	-0.14728191494941711	0.005151624325662851	0.04423823207616806	-0.16879390180110931	-0.12212410569190979	0.021918371319770813	0.04419376701116562	-0.040659572929143906	-0.10762976109981537	0.20603035390377045	-0.0013305451720952988	-0.18945875763893127	0.013394737616181374	0.0828450471162796	0.30911195278167725	0.1897151619195938	-0.031141117215156555	0.03011266142129898	-0.013057808391749859	0.1044992133975029	-0.25484731793403625	0.13784876465797424	0.08763958513736725	0.17777249217033386	0.09065398573875427	0.09396503865718842	-0.14621631801128387	0.06305622309446335	0.10020820796489716	-0.2605229318141937	0.12620809674263	0.11154229938983917	-0.08852164447307587	-0.08824440091848373	-0.13789691030979156	0.1806889921426773	0.10412900894880295	-0.11494287103414536	-0.1406683474779129	0.10969996452331543	-0.16268599033355713	-0.06287550181150436	0.06552598625421524	-0.13032512366771698	-0.09526962041854858	-0.31624093651771545	0.07259372621774673	0.3124212324619293	0.15237674117088318	-0.24041816592216492	0.003936505876481533	-0.0782025009393692	0.027247747406363487	-0.01410406082868576	0.012856680899858475	-0.08704078197479248	0.005287286825478077	-0.09938235580921173	-0.022889014333486557	0.1741306334733963	0.03299345076084137	-0.05198650434613228	0.2119920253753662	0.03497449308633804	-0.034582898020744324	0.04516815394163132	0.07905910909175873	-0.03078007884323597	-0.06850142031908035	-0.05353819951415062	0.06283880770206451	0.039295896887779236	-0.17610472440719604	0.0005509797483682632	0.10506915301084518	-0.18667097389698029	0.18111099302768707	-0.00363229145295918	0.07876028120517731	-0.015317315235733986	0.008009567856788635	-0.07222536951303482	-0.04652854800224304	0.16374047100543976	-0.2477075308561325	0.233459934592247	0.16523133218288422	-0.03789036348462105	0.055949851870536804	0.01109403371810913	0.0818876102566719	-0.05063791945576668	0.028231780976057053	-0.09712829440832138	-0.0891413688659668	0.043139226734638214	-0.06649171561002731	0.06389763206243515	0.14789648354053497
kurt_cobain	Ланнистеры	-0.1315612494945526	0.2207113802433014	0.06822577863931656	-0.054511651396751404	-0.1274355947971344	-0.039333637803792953	0.006972350180149078	-0.12006374448537827	0.08792469650506973	0.04145851731300354	0.27236512303352356	0.0043936483561992645	-0.2532292902469635	-0.10434827953577042	0.02882903441786766	0.08713976293802261	-0.08536934852600098	-0.16605038940906525	-0.18170775473117828	-0.06445900350809097	0.02096678875386715	0.004516079556196928	-0.02693362534046173	0.03192149102687836	-0.13375544548034668	-0.3130643963813782	-0.12623637914657593	-0.030675888061523438	0.06225203722715378	-0.17159706354141235	0.09010425209999084	0.014808333478868008	-0.17735344171524048	-0.09744156152009964	0.03283535689115524	0.04178265109658241	-0.0736822858452797	-0.08765406161546707	0.2071923315525055	-0.0019614333286881447	-0.14899085462093353	-0.010868972167372704	0.10804786533117294	0.35791224241256714	0.17888888716697693	0.01117734331637621	0.0729612410068512	-0.013017836026847363	0.12656670808792114	-0.22771801054477692	0.09945158660411835	0.14237573742866516	0.20514918863773346	0.11171097308397293	0.13589255511760712	-0.1363656371831894	0.06151696667075157	0.16987314820289612	-0.27990689873695374	0.09410854429006577	0.11498670279979706	-0.11725521832704544	-0.07172556221485138	-0.14332503080368042	0.18914063274860382	0.1357581466436386	-0.12698636949062347	-0.16265593469142914	0.09202346205711365	-0.1706143617630005	-0.05475526675581932	0.1300133913755417	-0.1005009338259697	-0.13544942438602448	-0.3463018238544464	0.03891444578766823	0.40655675530433655	0.17121990025043488	-0.25112754106521606	-0.10074865818023682	-0.035244375467300415	-0.025589697062969208	0.04749888554215431	0.009486734867095947	-0.10569121688604355	-0.04838836193084717	-0.15307307243347168	0.008699151687324047	0.22709617018699646	0.04316661134362221	-0.06166538968682289	0.19621214270591736	0.0617481991648674	-0.030571453273296356	0.017774228006601334	0.0472775474190712	-0.10492653399705887	-0.06372581422328949	-0.04242781922221184	0.06438357383012772	-0.09059763699769974	-0.12736637890338898	-0.050333671271800995	0.051595237106084824	-0.11345472186803818	0.22678862512111664	0.050377827137708664	0.047817595303058624	-0.1490394026041031	-0.048385120928287506	-0.1060752347111702	-0.0014916016953065991	0.15931932628154755	-0.31914493441581726	0.1952645629644394	0.1575140804052353	-0.046798210591077805	0.08014501631259918	0.007516051642596722	0.07244621962308884	-0.06197207421064377	-0.030300546437501907	-0.0730411484837532	-0.1198543980717659	0.012723556719720364	-0.12001208961009979	0.08868459612131119	0.019161328673362732
kurt_cobain	Ланнистеры	-0.13809016346931458	0.18437804281711578	0.04095684736967087	-0.06595044583082199	-0.20999470353126526	-0.027118634432554245	-0.05228791385889053	-0.08958844095468521	0.12113252282142639	0.023135138675570488	0.28143155574798584	-0.005908676888793707	-0.23504550755023956	-0.1281779557466507	0.001895352266728878	0.13114938139915466	-0.0367896668612957	-0.1607244908809662	-0.15501117706298828	-0.08802350610494614	-0.028308739885687828	0.032443225383758545	0.060498323291540146	0.06436391174793243	-0.16341085731983185	-0.3315770924091339	-0.11587265878915787	-0.04066706821322441	0.08248771727085114	-0.19229434430599213	-0.034593917429447174	0.030307244509458542	-0.19557428359985352	-0.1592675745487213	0.021744873374700546	0.08301600068807602	-0.09103769063949585	-0.12394213676452637	0.2216080278158188	0.005720713175833225	-0.1506168395280838	-0.027016134932637215	0.10430300235748291	0.32763203978538513	0.20182587206363678	-0.06601405143737793	0.0958481952548027	-0.03325063735246658	0.11379726976156235	-0.22688649594783783	0.11201295256614685	0.14015179872512817	0.1668456345796585	0.09012732654809952	0.09960538893938065	-0.1033557876944542	0.04082310199737549	0.2397334724664688	-0.2334766536951065	0.043059803545475006	0.10250161588191986	-0.029292529448866844	-0.07721082121133804	-0.1345563530921936	0.1942697912454605	0.18366464972496033	-0.07557155191898346	-0.19947896897792816	0.0676354244351387	-0.15427979826927185	-0.035464055836200714	0.14142926037311554	-0.13069309294223785	-0.1340211033821106	-0.37021341919898987	0.03126230835914612	0.3130438029766083	0.17033520340919495	-0.2023593932390213	-0.07045216113328934	-0.04141726344823837	-0.016868330538272858	0.004472094122320414	-0.052836738526821136	-0.13336500525474548	-0.0053965263068675995	-0.17153185606002808	0.056904081255197525	0.2183382362127304	0.023696571588516235	-0.03178330138325691	0.19356457889080048	0.09721636772155762	0.005735702812671661	0.07734362035989761	0.11333341151475906	-0.13352526724338531	-0.0742354691028595	-0.08936747908592224	0.07231727987527847	-0.03349592536687851	-0.11044299602508545	-0.016298899427056313	0.06287763267755508	-0.12069713324308395	0.18754036724567413	0.012724732980132103	0.024866022169589996	-0.146253764629364	-0.08768343180418015	-0.09174058586359024	-0.016082681715488434	0.17191584408283234	-0.23449662327766418	0.1545853167772293	0.1282881796360016	-0.019744694232940674	0.09819547832012177	0.07389899343252182	0.03605122119188309	-0.10095129162073135	-0.04115248844027519	-0.04379231855273247	-0.05957050621509552	0.02799038589000702	-0.13285349309444427	0.1017102375626564	0.05353269726037979
kurt_cobain	Ланнистеры	-0.10324302315711975	0.17894120514392853	0.02586636133491993	-0.061016734689474106	-0.22804851830005646	-0.006008204072713852	-0.045516736805438995	-0.039808955043554306	0.08885924518108368	-0.003994155675172806	0.26526135206222534	0.10146352648735046	-0.1984792947769165	-0.05805806443095207	-0.029648860916495323	0.13325835764408112	-0.1536882519721985	-0.1306201070547104	-0.1270807832479477	-0.013401886448264122	0.03244464099407196	0.012240307405591011	0.016922207549214363	0.07205774635076523	-0.09643734991550446	-0.28521567583084106	-0.10683482885360718	-0.01747451350092888	0.1474887728691101	-0.22842833399772644	-0.03091438114643097	-0.05294617637991905	-0.22427819669246674	-0.12654507160186768	0.009430651552975178	0.09017040580511093	-0.07609421014785767	-0.12563027441501617	0.20523130893707275	0.012265427969396114	-0.15139201283454895	0.017988771200180054	0.11622842401266098	0.28653207421302795	0.22493574023246765	-0.007792355492711067	0.10255786776542664	-0.017645709216594696	0.10541178286075592	-0.19535191357135773	0.08691330999135971	0.04835129156708717	0.22472497820854187	0.09911569207906723	0.010361703112721443	-0.203841894865036	-0.004889387637376785	0.1911834180355072	-0.2455163151025772	0.10834559053182602	0.06552311033010483	-0.0861925259232521	-0.07849165052175522	-0.07886908203363419	0.17527823150157928	0.13393960893154144	-0.08621025085449219	-0.2770569920539856	0.1313401460647583	-0.20552819967269897	-0.03211255371570587	0.16827493906021118	-0.06708505004644394	-0.11591118574142456	-0.2678629457950592	0.0037346910685300827	0.37036189436912537	0.1470893770456314	-0.15933857858181	-0.0746653825044632	-0.03699116036295891	-0.08258002996444702	-0.038179535418748856	0.012035605497658253	-0.06425198912620544	0.006885749287903309	-0.17151714861392975	0.09835461527109146	0.2231300175189972	0.01788024604320526	-0.022775666788220406	0.1785622388124466	0.08192609250545502	0.01952834241092205	0.043277572840452194	0.11628729104995728	-0.11598770320415497	0.028308656066656113	-0.053021907806396484	0.05338888615369797	-0.05929742753505707	-0.1482303887605667	-0.003385847434401512	0.0433395653963089	-0.06494493782520294	0.16851964592933655	-0.020573649555444717	0.045472096651792526	-0.12173458933830261	-0.039460908621549606	-0.15485261380672455	-0.021189793944358826	0.18678848445415497	-0.28359565138816833	0.22725139558315277	0.1943158060312271	-0.036163780838251114	0.07463685423135757	0.06204591691493988	0.08685801923274994	0.0020184372551739216	-0.06317786872386932	-0.12478913366794586	-0.06269510090351105	-0.023735813796520233	-0.1746247261762619	0.14206147193908691	0.04257161170244217
kurt_cobain	Ланнистеры	-0.13148356974124908	0.19927003979682922	0.026324596256017685	-0.08455711603164673	-0.16816465556621552	-0.09449306130409241	-0.03467932716012001	-0.07257052510976791	0.166412815451622	0.02187294140458107	0.20294666290283203	0.03604574128985405	-0.270062118768692	-0.1183168962597847	-0.004638373851776123	0.14268332719802856	-0.08897005021572113	-0.13558419048786163	-0.19365105032920837	-0.11527155339717865	0.011265312321484089	0.05474679172039032	0.0097965057939291	0.02712569385766983	-0.10728376358747482	-0.3356019854545593	-0.11278180032968521	-0.012859472073614597	0.060466889292001724	-0.17089755833148956	0.06179551035165787	-0.004537573549896479	-0.19736912846565247	-0.14993861317634583	0.05629250779747963	0.0858992263674736	-0.07322758436203003	-0.12241015583276749	0.23056016862392426	-0.0006073275581002235	-0.16383570432662964	0.01855751872062683	0.08758524805307388	0.2450498789548874	0.17364579439163208	-0.04334798827767372	0.0984034612774849	-0.10916091501712799	0.1241983100771904	-0.19748841226100922	0.15301533043384552	0.13809078931808472	0.184543177485466	0.07428126782178879	0.1633927822113037	-0.12138018012046814	0.010798389092087746	0.23919053375720978	-0.28046175837516785	0.04996968060731888	0.13446229696273804	-0.08568441867828369	-0.1339174062013626	-0.11544591933488846	0.15684323012828827	0.17939481139183044	-0.11177957057952881	-0.21781891584396362	0.16784138977527618	-0.16579006612300873	-0.04519379138946533	0.11206770688295364	-0.04145016893744469	-0.1252990961074829	-0.3758000135421753	0.09755445271730423	0.3893846273422241	0.17942963540554047	-0.2058369368314743	-0.051737889647483826	-0.06063573807477951	-0.011806419119238853	0.026609579101204872	-0.010641291737556458	-0.15730774402618408	-0.05251974239945412	-0.09499114006757736	0.07286889106035233	0.16256150603294373	0.0800066888332367	-0.09742823243141174	0.18402458727359772	0.08259373903274536	0.053401879966259	0.03292381018400192	0.055921707302331924	-0.1010923832654953	-0.06042606011033058	-0.041896216571331024	0.08460807055234909	0.04835519194602966	-0.12347157299518585	0.006722842808812857	0.07794007658958435	-0.05602946877479553	0.12845823168754578	0.012381814420223236	0.008850167505443096	-0.09300892055034637	0.013036772608757019	-0.136260524392128	-0.03280715271830559	0.15137730538845062	-0.3062080442905426	0.2717382609844208	0.11246329545974731	-0.07736586034297943	0.10360648483037949	0.08229320496320724	0.09554330259561539	0.0008454630151391029	-0.08767586946487427	-0.06946646422147751	-0.08978063613176346	0.04155673831701279	-0.06162935867905617	0.13720884919166565	0.06713693588972092
peter_1	Старки	-0.11377547681331635	0.14930789172649384	0.07801585644483566	-0.05089545622467995	-0.044465892016887665	-0.05929736793041229	-0.1132408082485199	-0.01148460153490305	0.06840004771947861	-0.1206495612859726	0.23328617215156555	-0.041622620075941086	-0.21641680598258972	-0.11420818418264389	0.06940364837646484	0.11489243805408478	-0.061849601566791534	-0.11487936228513718	-0.05870109423995018	-0.1174733117222786	0.009037722833454609	0.04889335110783577	0.02578859031200409	0.03979119285941124	-0.123848095536232	-0.3674367666244507	-0.09993018954992294	-0.06568396836519241	0.030751114711165428	-0.11182291805744171	-0.001047622412443161	0.12621846795082092	-0.16231852769851685	-0.07418771088123322	0.07197284698486328	0.14633016288280487	-0.07958065718412399	-0.0591304749250412	0.19141440093517303	0.040511325001716614	-0.07154622673988342	0.009277299977838993	0.05746106058359146	0.31005674600601196	0.1744152307510376	0.0889226570725441	0.05292033404111862	-0.004206031560897827	0.1789756566286087	-0.20349512994289398	0.12946276366710663	0.13643962144851685	0.1409788727760315	0.11712203174829483	0.17475049197673798	-0.13976114988327026	0.09370778501033783	0.14186407625675201	-0.19876538217067719	0.06554345786571503	-0.04402612894773483	-0.06010037660598755	-0.04157216101884842	-0.03012419492006302	0.22217027842998505	0.0875709131360054	-0.0558663010597229	-0.12152031809091568	0.23478874564170837	-0.06988681852817535	-0.05911197513341904	0.16096103191375732	-0.12475539743900299	-0.15226244926452637	-0.16836488246917725	0.09316237270832062	0.27581095695495605	0.18477857112884521	-0.156211718916893	0.07211591303348541	0.026943925768136978	-0.10607191175222397	0.015277529135346413	0.04879283159971237	-0.08203834295272827	-0.061256080865859985	-0.04565941169857979	0.027814436703920364	0.23040692508220673	0.050451088696718216	-0.09238407015800476	0.23126694560050964	0.014093768782913685	0.04740152508020401	0.07017320394515991	-0.05799306556582451	-0.09022746235132217	-0.048663727939128876	-0.15227200090885162	-0.12645752727985382	0.1015896126627922	-0.13381531834602356	-0.11837057024240494	0.06877376139163971	-0.22490687668323517	0.1754278838634491	-0.011528953909873962	0.03576488792896271	-0.055212512612342834	0.025195486843585968	-0.12519854307174683	0.07043032348155975	0.125440314412117	-0.2905561029911041	0.23894372582435608	0.15781289339065552	0.056235525757074356	0.13200312852859497	0.11473819613456726	-0.010085714980959892	0.10143182426691055	-0.13961085677146912	-0.14491361379623413	-0.17841796576976776	0.11706916242837906	0.013181851245462894	0.04123871773481369	0.04492933303117752
peter_1	Старки	-0.08624114841222763	0.17534546554088593	0.1016618087887764	-0.032756999135017395	-0.02583581581711769	-0.08197570592164993	-0.08163785189390182	-0.08760001510381699	0.07159317284822464	-0.10918213427066803	0.27979010343551636	-0.010096491314470768	-0.2424587905406952	-0.11058807373046875	0.06071370095014572	0.0913149043917656	-0.03764845430850983	-0.1289253830909729	-0.046484239399433136	-0.06945820897817612	0.012179193086922169	0.04055412486195564	0.030711965635418892	0.09297547489404678	-0.08688710629940033	-0.3157045543193817	-0.07891669124364853	-0.03275123983621597	0.015752140432596207	-0.13829009234905243	-0.027875807136297226	0.03354089334607124	-0.14438702166080475	-0.07160548865795135	0.06751637160778046	0.14228419959545135	-0.08796387910842896	-0.05086380988359451	0.23730243742465973	-0.026022309437394142	-0.12367834895849228	0.051796700805425644	0.052717424929142	0.3000815510749817	0.15317627787590027	0.08329030126333237	0.0392996147274971	-0.04165293276309967	0.1587783247232437	-0.18361255526542664	0.1400740146636963	0.11629261821508408	0.14300282299518585	0.06248641759157181	0.1491970717906952	-0.20053616166114807	-0.003690064884722233	0.11412675678730011	-0.1877800077199936	0.0889783650636673	-0.01294190064072609	-0.10038748383522034	-0.03235882520675659	-0.07247718423604965	0.16585533320903778	0.04993939399719238	-0.11671922355890274	-0.08989270031452179	0.14570581912994385	-0.1234479770064354	-0.055169727653265	0.1608385294675827	-0.0712030902504921	-0.19229935109615326	-0.19390439987182617	0.11353838443756104	0.2989952564239502	0.20223572850227356	-0.18614055216312408	0.05740882083773613	0.0686483085155487	-0.07849659770727158	0.006814547348767519	0.055670902132987976	-0.09253503382205963	0.0334492027759552	-0.09676443040370941	0.05151766538619995	0.1752777397632599	0.06667973101139069	-0.08821041882038116	0.24323324859142303	-0.023568959906697273	0.08717889338731766	0.0799410492181778	0.027584511786699295	-0.10520386695861816	-0.03425721079111099	-0.16790226101875305	-0.07205431163311005	0.11607193946838379	-0.13500376045703888	-0.04374958574771881	0.03648991137742996	-0.1969032883644104	0.17333707213401794	-0.024133795872330666	0.03207658231258392	-0.05833891034126282	0.06738639622926712	-0.14985433220863342	0.057792868465185165	0.13182099163532257	-0.307097464799881	0.2478780448436737	0.13524910807609558	0.04822635278105736	0.15054558217525482	0.1392126977443695	-0.0039245206862688065	0.08788590878248215	-0.12849025428295135	-0.10641466826200485	-0.1867470145225525	0.09625750780105591	0.01308815460652113	0.19312703609466553	0.05377554893493652
peter_1	Старки	-0.13224010169506073	0.1355186551809311	0.15472672879695892	-0.055501196533441544	-0.08480537682771683	-0.03597442805767059	-0.060439154505729675	0.024381721392273903	0.09574095159769058	-0.08780476450920105	0.2140444815158844	-0.05538865551352501	-0.24837705492973328	-0.030320608988404274	-0.034080296754837036	0.12582264840602875	-0.004424836952239275	-0.09978552162647247	-0.09138534963130951	-0.13326427340507507	0.046643830835819244	0.04737630859017372	-0.05612917244434357	0.0685381218791008	-0.08480744063854218	-0.2668209969997406	-0.020335594192147255	-0.03733983635902405	-0.022463684901595116	-0.12236592173576355	-0.03570811077952385	0.039820048958063126	-0.116972915828228	-0.049447283148765564	0.022286005318164825	0.1616092026233673	-0.042817194014787674	-0.056878041476011276	0.21723318099975586	-0.056732311844825745	-0.08786267042160034	0.03804092854261398	0.08543172478675842	0.3045159876346588	0.13882167637348175	0.023219196125864983	0.03726981580257416	0.02154771238565445	0.1823873221874237	-0.2276284396648407	0.1097550168633461	0.13434749841690063	0.1468321830034256	0.09320106357336044	0.19578029215335846	-0.15255188941955566	0.008241420611739159	0.16644713282585144	-0.12825946509838104	0.08809462189674377	-0.006578360218554735	-0.03494615852832794	-0.04919501394033432	-0.139577254652977	0.13254031538963318	0.04432043433189392	-0.09515510499477386	-0.1190931499004364	0.1127251610159874	-0.1271890550851822	-0.02900140918791294	0.15948934853076935	-0.10044169425964355	-0.13247406482696533	-0.1730436384677887	0.12111753970384598	0.3541456460952759	0.22276882827281952	-0.2010057121515274	0.020477060228586197	0.035962194204330444	-0.08986269682645798	0.05033561587333679	-0.02828148938715458	-0.057753875851631165	0.023325970396399498	-0.10421662777662277	0.0534244179725647	0.19000113010406494	0.05109763890504837	-0.03822901472449303	0.19819435477256775	0.059019044041633606	-0.001661490648984909	0.006906141526997089	-0.00774732930585742	-0.08964642882347107	-0.02380150556564331	-0.13501694798469543	-0.029205556958913803	0.078629270195961	-0.15240785479545593	-0.051906004548072815	-0.006677200086414814	-0.21112564206123352	0.13603730499744415	-0.027234571054577827	0.05405819043517113	-0.09626470506191254	0.09154356271028519	-0.17353183031082153	0.07739477604627609	0.19064298272132874	-0.2452254742383957	0.13064052164554596	0.12685532867908478	0.005792751908302307	0.10418345034122467	0.10199718177318573	0.0322042852640152	0.0705958753824234	-0.08686250448226929	-0.06763654202222824	-0.17641742527484894	0.05949896574020386	0.004114298615604639	0.12436327338218689	0.07887972891330719
peter_1	Старки	-0.08718198537826538	0.14741353690624237	0.08859145641326904	-0.027866512537002563	-0.041492968797683716	-0.10541529953479767	-0.052191831171512604	-0.04659496992826462	0.11981864273548126	-0.12936434149742126	0.21936509013175964	-0.11565795540809631	-0.25024986267089844	-0.09273876249790192	0.019860301166772842	0.13464951515197754	-0.08232532441616058	-0.07353847473859787	-0.08876059204339981	-0.11015551537275314	0.07759521156549454	0.08576556295156479	0.0588664710521698	0.08306333422660828	-0.07856492698192596	-0.3681385815143585	-0.08656516671180725	-0.0672922134399414	0.0040240101516246796	-0.11238360404968262	0.00011303462088108063	0.17725533246994019	-0.07954033464193344	-0.04755844175815582	0.025493696331977844	0.11750468611717224	-0.01938028261065483	-0.08230386674404144	0.23709863424301147	-0.009760722517967224	-0.14346303045749664	0.013699585571885109	0.08758595585823059	0.25982409715652466	0.1305016279220581	-0.009433512575924397	0.039937570691108704	-0.02031853422522545	0.18578392267227173	-0.18193021416664124	0.08709355443716049	0.13449989259243011	0.12099381536245346	0.10552622377872467	0.178370401263237	-0.11986508965492249	0.034362539649009705	0.19353565573692322	-0.17092885076999664	0.03169655799865723	0.009030204266309738	-0.08151394873857498	-0.02218424715101719	-0.024972334504127502	0.14602281153202057	0.09481625258922577	-0.05969877913594246	-0.14230835437774658	0.1292102038860321	-0.09233705699443817	-0.0724804699420929	0.1973816603422165	-0.12251248955726624	-0.1123473048210144	-0.1552717536687851	0.09442157298326492	0.3437137007713318	0.11929704248905182	-0.12882526218891144	0.029039248824119568	-0.021076099947094917	-0.14126965403556824	0.03364349529147148	0.01894025318324566	-0.09277266263961792	-0.06911027431488037	-0.10754392296075821	0.050216712057590485	0.19753682613372803	0.04570823907852173	-0.07839848101139069	0.23709583282470703	0.03305468708276749	0.061404500156641006	0.013376569375395775	-0.03147182986140251	-0.12241531908512115	0.007814228534698486	-0.1295098513364792	-0.08258997648954391	0.1164277121424675	-0.12976199388504028	-0.1206979975104332	0.01913382112979889	-0.2206624150276184	0.14039796590805054	-0.00537758506834507	0.019592683762311935	-0.02275269478559494	0.03851236402988434	-0.13796570897102356	0.09656704217195511	0.13555753231048584	-0.24997955560684204	0.16368432343006134	0.08816706389188766	0.07690320163965225	0.13345639407634735	0.09113010764122009	0.01784452609717846	0.07397979497909546	-0.15715466439723969	-0.12410110980272293	-0.1291123777627945	0.18496790528297424	0.053100064396858215	0.05129026621580124	0.014098377898335457
peter_1	Старки	-0.0685296431183815	0.11667637526988983	0.11934322118759155	-0.0036761153023689985	-0.05161599814891815	-0.05740392580628395	-0.08747577667236328	-0.03216733783483505	0.1121181845664978	-0.09347295016050339	0.2550165057182312	-0.0016796952113509178	-0.288735955953598	-0.10582667589187622	0.02369193360209465	0.10756523907184601	-0.0335363931953907	-0.08617327362298965	-0.03385766223073006	-0.05574460327625275	0.01726539433002472	0.03171529248356819	0.07965240627527237	0.05263432115316391	-0.05117795616388321	-0.3884882926940918	-0.07388798892498016	-0.0374830923974514	0.022248394787311554	-0.10756338387727737	-0.06053917855024338	0.12034855037927628	-0.1126028448343277	-0.09521081298589706	0.04955530911684036	0.15574976801872253	-0.0889342874288559	-0.07499822974205017	0.247664675116539	-0.035433463752269745	-0.11314385384321213	-0.035469114780426025	0.04269982874393463	0.26899993419647217	0.16826912760734558	0.05466296896338463	0.07270324975252151	-0.017937876284122467	0.1417238563299179	-0.20854777097702026	0.12727296352386475	0.14134091138839722	0.11351698637008667	0.12326434254646301	0.18116457760334015	-0.18296262621879578	0.010823909193277359	0.14172415435314178	-0.14978601038455963	0.025828752666711807	-0.06542734056711197	-0.0345192477107048	0.010128253139555454	-0.07035549730062485	0.1906311810016632	0.04858775436878204	-0.0835733488202095	-0.10422733426094055	0.17674188315868378	-0.11435341089963913	-0.05012356489896774	0.15929684042930603	-0.11772549897432327	-0.16784556210041046	-0.18414367735385895	0.10015261918306351	0.3089692294597626	0.1892337054014206	-0.16937033832073212	0.03553714230656624	0.018940558657050133	-0.14641235768795013	0.00590924359858036	0.03065282478928566	-0.04792778939008713	0.014156332239508629	-0.09247934818267822	-0.0038505662232637405	0.17707684636116028	0.040840327739715576	-0.08886050432920456	0.21538731455802917	0.023897526785731316	0.06550638377666473	0.10104770958423615	0.04080386459827423	-0.08568019419908524	0.0025459052994847298	-0.2124607115983963	-0.07786419242620468	0.09784755855798721	-0.15561695396900177	-0.06564410030841827	0.03155888617038727	-0.18879878520965576	0.14684076607227325	-0.009389468468725681	0.02870265766978264	-0.027898430824279785	0.04493308812379837	-0.17178094387054443	0.028974901884794235	0.15632657706737518	-0.3040834665298462	0.2194705754518509	0.13423661887645721	0.05024421215057373	0.1704082489013672	0.08976441621780396	0.05368189513683319	0.07166050374507904	-0.14351265132427216	-0.07271931320428848	-0.18268245458602905	0.08826889097690582	0.05357929691672325	0.08266395330429077	0.06071370840072632
pushkin	Ланнистеры	-0.15668217837810516	0.09564949572086334	0.06084105744957924	-0.13449545204639435	-0.11998318135738373	-0.05413370952010155	0.0431499257683754	-0.055860478430986404	0.08640265464782715	-0.02692187950015068	0.08469251543283463	-0.010802529752254486	-0.20562510192394257	-0.07338428497314453	0.06090402230620384	0.14362570643424988	-0.20575757324695587	-0.19298285245895386	-0.1109447255730629	-0.0943838432431221	0.01888636127114296	0.07732804864645004	-0.01307636871933937	0.09979729354381561	-0.11638746410608292	-0.3064323663711548	-0.0409935787320137	-0.04984698444604874	0.12722395360469818	-0.021081052720546722	-0.024383321404457092	0.10145358741283417	-0.17824265360832214	-0.004361357539892197	0.022227095440030098	0.07701682299375534	-0.04598904028534889	-0.1022794246673584	0.21726326644420624	0.037498004734516144	-0.2133050113916397	0.06027838587760925	0.04197254776954651	0.30337420105934143	0.27072882652282715	0.024287156760692596	0.0932396650314331	0.012243618257343769	0.1415003538131714	-0.32166457176208496	0.004038715735077858	0.174245223402977	0.038007866591215134	-0.012766626663506031	0.05337519943714142	-0.18077918887138367	-0.016435671597719193	0.12443950772285461	-0.26073282957077026	0.07789795845746994	0.03467053547501564	-0.18711572885513306	-0.05648218095302582	-0.11474867910146713	0.17450635135173798	0.08465811610221863	-0.13892042636871338	-0.11740541458129883	0.22717641294002533	-0.20752817392349243	-0.07469506561756134	0.04381934180855751	-0.08705560863018036	-0.11251267790794373	-0.31223127245903015	0.04441741108894348	0.3365694582462311	0.18524649739265442	-0.1555519551038742	0.07330398261547089	-0.01680062897503376	0.03855527564883232	0.07047639042139053	0.1378023773431778	-0.12755361199378967	-0.026287712156772614	-0.13418209552764893	0.020234933122992516	0.19488438963890076	0.041004255414009094	-0.012688826769590378	0.21978843212127686	0.10963651537895203	-0.008839419111609459	0.019984977319836617	0.07653335481882095	-0.08208955824375153	-0.09107455611228943	-0.12477973848581314	0.039292484521865845	0.014899339526891708	-0.09519777446985245	-0.006018474232405424	0.1675267517566681	-0.15577548742294312	0.21199411153793335	-0.05211669206619263	-0.034152500331401825	-0.14306554198265076	-0.06838288903236389	-0.0025047771632671356	0.03922390192747116	0.06795462220907211	-0.22337909042835236	0.12013345956802368	0.25028300285339355	-0.013625646010041237	0.1523696631193161	0.0378696545958519	0.006610535085201263	-0.016908615827560425	-0.034503571689128876	-0.16946454346179962	-0.14385555684566498	0.08720268309116364	-0.04776156321167946	0.08134013414382935	0.09789236634969711
pushkin	Ланнистеры	-0.1748327761888504	0.06550499051809311	0.0029860902577638626	-0.14814208447933197	-0.12053455412387848	-0.07930010557174683	0.0857253223657608	-0.02825799770653248	0.09194668382406235	-0.025608979165554047	0.10273543745279312	-0.045565057545900345	-0.21445709466934204	-0.0880516842007637	0.08243662863969803	0.11338624358177185	-0.14542166888713837	-0.17631803452968597	-0.13356053829193115	-0.06486068665981293	0.040430597960948944	0.0912303775548935	-0.061406996101140976	0.12292395532131195	-0.1156584620475769	-0.3127901554107666	-0.06191592290997505	-0.034897856414318085	0.13688790798187256	-0.04409623518586159	-0.0007576625794172287	0.14967836439609528	-0.15956372022628784	-0.03431801497936249	0.04161538928747177	0.07352922856807709	-0.06173790246248245	-0.039108794182538986	0.1945308893918991	0.04668272286653519	-0.24056465923786163	0.03328835591673851	0.017835522070527077	0.3477519452571869	0.2419775277376175	0.021878674626350403	0.08429735898971558	-0.01837841421365738	0.05851675197482109	-0.2860674560070038	0.035600174218416214	0.16741321980953217	0.07306157052516937	0.0035538338124752045	0.017963191494345665	-0.19406917691230774	-0.02027301862835884	0.11286527663469315	-0.26827365159988403	0.09795311093330383	0.04074171558022499	-0.21979957818984985	-0.08127181231975555	-0.08939479291439056	0.1323392540216446	0.04699921980500221	-0.13392344117164612	-0.1442486196756363	0.18482503294944763	-0.23129305243492126	-0.03993704169988632	0.09776134043931961	-0.0986064225435257	-0.15305443108081818	-0.3057768642902374	0.06335833668708801	0.32168760895729065	0.18571960926055908	-0.16943830251693726	0.05433913692831993	-0.011876532807946205	0.03557533025741577	0.11245951056480408	0.1253134161233902	-0.1217968761920929	-0.05086790770292282	-0.1222282201051712	0.07356639951467514	0.17018544673919678	0.002699366770684719	-0.026895277202129364	0.20138831436634064	0.1049954891204834	-0.014738144353032112	0.009409897029399872	0.06603750586509705	-0.05036148056387901	-0.06907984614372253	-0.08189743757247925	0.026236869394779205	0.06530411541461945	-0.098456010222435	0.0076860240660607815	0.16008281707763672	-0.14720891416072845	0.25061294436454773	-0.010326534509658813	-0.027977505698800087	-0.11072660982608795	-0.081480473279953	-0.011251969262957573	0.009397664107382298	0.09392091631889343	-0.1923038214445114	0.13804727792739868	0.2584741413593292	0.011956899426877499	0.15085351467132568	0.043360643088817596	-0.009553410112857819	-0.001440589316189289	-0.05182616785168648	-0.1698092222213745	-0.061193373054265976	0.1208241805434227	-0.039926499128341675	0.09687478840351105	0.04275321215391159
pushkin	Ланнистеры	-0.17997793853282928	0.07261845469474792	-0.014192621223628521	-0.130471333861351	-0.14750006794929504	-0.06978262215852737	0.08951359987258911	-0.038730688393116	0.13572359085083008	-0.04612691327929497	0.08696956932544708	-0.049074042588472366	-0.2403113842010498	-0.04245540872216225	0.021547501906752586	0.09958191215991974	-0.17206136882305145	-0.15544261038303375	-0.15502868592739105	-0.11005616188049316	0.058544132858514786	0.04562455788254738	-0.05462304502725601	0.08813345432281494	-0.19064736366271973	-0.26139163970947266	-0.08456891775131226	-0.03328581899404526	0.11135506629943848	-0.01137857511639595	0.012063328176736832	0.14793838560581207	-0.13364550471305847	-0.016659710556268692	0.06555389612913132	0.05669054388999939	-0.0442555770277977	-0.02720591239631176	0.216526597738266	0.010487250983715057	-0.18437796831130981	0.005314745474606752	0.029289834201335907	0.32775402069091797	0.22176121175289154	0.05399460345506668	0.05684787780046463	-0.016288883984088898	0.13700325787067413	-0.30330100655555725	0.024577943608164787	0.20589081943035126	0.044174592941999435	0.01858879067003727	0.06593523919582367	-0.143858402967453	-0.0028971880674362183	0.17122001945972443	-0.24863289296627045	0.12413109093904495	0.04384630173444748	-0.24562115967273712	-0.08361364156007767	-0.1089293509721756	0.15660226345062256	0.07425695657730103	-0.16161572933197021	-0.1324012726545334	0.23914822936058044	-0.2283637523651123	-0.048960130661726	0.05072770267724991	-0.07623869180679321	-0.14603561162948608	-0.30666881799697876	0.02279960922896862	0.3940538167953491	0.23917268216609955	-0.15424923598766327	0.05311975255608559	-0.06414660811424255	0.023684419691562653	0.10561729967594147	0.0911955013871193	-0.16464383900165558	-0.055163681507110596	-0.1456018090248108	0.0380091667175293	0.22380900382995605	0.0007767137140035629	-0.028057938441634178	0.25533172488212585	0.11318662762641907	-0.0007309978827834129	-0.00589582696557045	0.02095397375524044	-0.10986004024744034	-0.12159211188554764	-0.07322707772254944	0.011084433645009995	0.07703962922096252	-0.12954601645469666	0.0230930894613266	0.16030533611774445	-0.13032574951648712	0.22629714012145996	-0.02994881384074688	0.018970847129821777	-0.12975844740867615	-0.051060568541288376	-0.06157982349395752	0.011072376742959023	0.10631483048200607	-0.21464389562606812	0.12857122719287872	0.2061057984828949	0.012783226557075977	0.1422722041606903	0.07232119888067245	-0.0032899733632802963	0.006127344910055399	-0.038767945021390915	-0.12300588190555573	-0.11900816857814789	0.09440848976373672	-0.039401158690452576	0.10558318346738815	0.06720607727766037
pushkin	Ланнистеры	-0.14768697321414948	0.1296379417181015	0.016336124390363693	-0.13769693672657013	-0.14367793500423431	-0.05233069881796837	0.0508684404194355	-0.10346323251724243	0.11256470531225204	-0.0735432505607605	0.17325596511363983	-0.05757482349872589	-0.19175858795642853	-0.05810035020112991	0.074787937104702	0.1377316415309906	-0.16925539076328278	-0.1329614669084549	-0.1885381042957306	-0.08942293375730515	0.024139637127518654	0.0034564565867185593	-0.04256360977888107	0.12127760797739029	-0.1683162897825241	-0.2918255925178528	-0.05176651105284691	-0.015998600050807	0.06744670122861862	-0.09689301252365112	0.01973593235015869	0.1738884150981903	-0.18882349133491516	-0.03753996267914772	0.04943869635462761	0.06663040816783905	-0.039738476276397705	-0.04270664602518082	0.23730045557022095	0.0557982511818409	-0.1976427286863327	0.019291426986455917	0.00315883569419384	0.2975432872772217	0.2741089463233948	0.0005402835085988045	0.06808295100927353	-0.04465697705745697	0.18081511557102203	-0.26762545108795166	-0.005754351615905762	0.157198965549469	0.07679709047079086	-0.015761636197566986	0.06674721837043762	-0.15037094056606293	0.006845343858003616	0.10049000382423401	-0.24462884664535522	0.035945143550634384	0.051860321313142776	-0.2531435787677765	-0.10132262855768204	-0.1218913123011589	0.1439824253320694	0.0368155874311924	-0.12865057587623596	-0.14891782402992249	0.21187086403369904	-0.1265440583229065	-0.02813892625272274	0.10311640799045563	-0.09808330237865448	-0.16195115447044373	-0.32296222448349	0.06247853487730026	0.4465222954750061	0.17115361988544464	-0.22374235093593597	0.015202931128442287	-0.06487781554460526	-0.06896462291479111	0.05985923483967781	0.11635731905698776	-0.08761508017778397	-0.09120330214500427	-0.09668237715959549	0.07517971098423004	0.21049775183200836	-0.00022597238421440125	-0.028661079704761505	0.22729364037513733	0.06227023899555206	-0.02491123601794243	-0.021648816764354706	0.022445030510425568	-0.14522932469844818	-0.041160304099321365	-0.0764000192284584	-0.00788950826972723	0.032969869673252106	-0.09575103968381882	-0.018217291682958603	0.15660716593265533	-0.18981721997261047	0.2527262270450592	-0.04293914884328842	-0.03593805432319641	-0.1288788616657257	-0.09047851711511612	-0.08483152836561203	0.01711747795343399	0.11024343222379684	-0.2625848948955536	0.08382356911897659	0.21658726036548615	-0.0015079064760357141	0.12687095999717712	0.05144152045249939	0.014884524047374725	0.03473541885614395	0.01509009301662445	-0.1569989025592804	-0.11297127604484558	0.1298147439956665	-0.04635678604245186	0.07748307287693024	0.006652308627963066
pushkin	Ланнистеры	-0.2195296287536621	0.030028672888875008	0.05495915189385414	-0.11529503017663956	-0.11774660646915436	-0.09937534481287003	0.0880899503827095	-0.0028939652256667614	0.11990021914243698	-0.036176737397909164	0.10724277794361115	-0.02746294066309929	-0.2289210557937622	-0.05547890067100525	0.005889079533517361	0.1518007069826126	-0.1779930144548416	-0.1831393837928772	-0.10523278266191483	-0.06767836213111877	0.045967694371938705	0.0713162049651146	-0.03109677881002426	0.10028191655874252	-0.120586097240448	-0.2960047721862793	-0.03314743936061859	-0.032199349254369736	0.08014531433582306	-0.018198823556303978	-0.0028986623510718346	0.15006953477859497	-0.16358856856822968	-0.017973823472857475	0.07023350894451141	0.06858010590076447	-0.03169989585876465	-0.04539371654391289	0.22410592436790466	0.03308757022023201	-0.24042309820652008	0.01620085909962654	0.03306213766336441	0.3294512629508972	0.2140352874994278	0.018386445939540863	0.025388702750205994	0.0003623301163315773	0.08895045518875122	-0.3703082203865051	0.007865618914365768	0.20629791915416718	0.021436071023344994	0.027512550354003906	0.05254010856151581	-0.19074594974517822	0.003926947712898254	0.1338614821434021	-0.23124578595161438	0.09232733398675919	-0.029077855870127678	-0.17743055522441864	-0.017049239948391914	-0.08023430407047272	0.10446413606405258	0.07672609388828278	-0.11414805054664612	-0.1559823453426361	0.1682572215795517	-0.21554453670978546	-0.05149250105023384	0.07737816125154495	-0.09260556101799011	-0.19098356366157532	-0.26003408432006836	0.01785602979362011	0.302656888961792	0.2163093537092209	-0.15108126401901245	0.10262273252010345	-0.040080465376377106	0.0074197640642523766	0.09316667169332504	0.08520160615444183	-0.09503365308046341	-0.003354542888700962	-0.11354512721300125	0.027840211987495422	0.19946680963039398	-0.00037371832877397537	-0.03381867706775665	0.2608985900878906	0.07830597460269928	-0.009530392475426197	0.011268774047493935	0.02280326373875141	-0.02607438713312149	-0.0359099879860878	-0.12788313627243042	0.0023249639198184013	0.06558101624250412	-0.09050419181585312	0.02645326592028141	0.11461323499679565	-0.20396922528743744	0.17259666323661804	-0.026212381199002266	-0.00013220030814409256	-0.12460899353027344	-0.04019453004002571	-0.04880779981613159	0.05391307175159454	0.08321814984083176	-0.21066756546497345	0.23934698104858398	0.28182452917099	0.011736651882529259	0.15577906370162964	0.07176559418439865	-0.08052432537078857	0.04468630999326706	-0.061086155474185944	-0.08371493965387344	-0.0921161025762558	0.11071626096963882	-0.027383575215935707	0.07448172569274902	0.06462623924016953
pushkin	Ланнистеры	-0.14136043190956116	0.08514254540205002	0.053886570036411285	-0.12713713943958282	-0.1232353076338768	-0.052236173301935196	0.060165852308273315	-0.05252041667699814	0.0860370397567749	-0.016909334808588028	0.07931852340698242	-0.04232875630259514	-0.2063540518283844	-0.07400671392679214	0.042606618255376816	0.13583935797214508	-0.19464297592639923	-0.19426783919334412	-0.09766639769077301	-0.08953426778316498	0.03382882475852966	0.07000808417797089	-0.008908784948289394	0.10482420772314072	-0.1279105544090271	-0.31275293231010437	-0.0547652542591095	-0.05001135542988777	0.12229719758033752	-0.021751554682850838	-0.013693294487893581	0.11540650576353073	-0.17812080681324005	-0.004884760826826096	0.02324552647769451	0.06831656396389008	-0.04244785010814667	-0.09869763255119324	0.22316323220729828	0.04792815074324608	-0.211290642619133	0.08845362812280655	0.05197083204984665	0.32315152883529663	0.2549942433834076	0.02746184729039669	0.09672610461711884	0.02113494649529457	0.1319742649793625	-0.30672687292099	0.01302558183670044	0.17646679282188416	0.053493767976760864	-0.028277266770601273	0.053533054888248444	-0.16687250137329102	-0.030288228765130043	0.1323254406452179	-0.2516947090625763	0.10503274947404861	0.045199114829301834	-0.1883775293827057	-0.06044884771108627	-0.11624018102884293	0.16394813358783722	0.0754426121711731	-0.14121729135513306	-0.10995419323444366	0.2202952653169632	-0.19778943061828613	-0.06599780172109604	0.03695344552397728	-0.09214279055595398	-0.10899137705564499	-0.2947993576526642	0.06641630828380585	0.3482230305671692	0.16545256972312927	-0.1591910868883133	0.07973732054233551	-0.005706637166440487	0.05296193063259125	0.06779361516237259	0.14811179041862488	-0.1282554417848587	-0.0319230891764164	-0.1405765563249588	0.02762758545577526	0.18330103158950806	0.028421983122825623	-0.011899489909410477	0.21720393002033234	0.10102085769176483	-0.015571266412734985	0.01575034111738205	0.0641397163271904	-0.09500178694725037	-0.07900690287351608	-0.11774157732725143	0.04362723231315613	0.02529577910900116	-0.10160931944847107	-0.010287275537848473	0.15258613228797913	-0.15354900062084198	0.2006746381521225	-0.05399293079972267	-0.047547537833452225	-0.1388852596282959	-0.06536184996366501	-0.007640796713531017	0.046991799026727676	0.062296438962221146	-0.23104456067085266	0.11617502570152283	0.23454052209854126	-0.01449543610215187	0.15195561945438385	0.04703931137919426	0.00848568044602871	0.0031229201704263687	-0.02137370966374874	-0.15829183161258698	-0.14391767978668213	0.09464555978775024	-0.04262690618634224	0.08184440433979034	0.08672145754098892